,nb_contenus,Country,Continent,Latitude,Longitude
United States,3690,US,NA,40.6432866,-73.7949275
South Africa,62,ZA,AF,43.02047485,40.94851191578502
India,1046,IN,AS,26.4073841,93.2551303
Ghana,5,GH,AF,45.420528149999996,23.953581964976415
Burkina Faso,1,BF,AF,14.6866662,121.084352
United Kingdom of Great Britain and Northern Ireland,806,GB,EU,51.454989,-2.6072791
Germany,231,DE,EU,49.932519,1.5805979308909812
Ethiopia,1,ET,AF,48.82242225,2.6271074962899155
Czech Republic,22,CZ,EU,49.817492,15.472962
Mexico,169,MX,NA,18.7973821,98.9521689
Turkey,113,TR,AS,41.0649179,28.8291082
Australia,160,AU,OC,-34.8092855,138.62094042231251
France,393,FR,EU,50.0491699,1.4175744
Finland,11,FI,EU,61.92411,25.748151
China,162,CN,AS,22.3188953,114.1721025
Canada,445,CA,NA,33.151864849999995,-117.18222859480616
Japan,318,JP,AS,34.886306,134.379711
Nigeria,103,NG,AF,15.2047053,120.7068861
Spain,232,ES,EU,45.930986,18.9356751
Belgium,90,BE,EU,52.5482853,13.4446513
South Korea,231,KR,AS,37.4547726,126.446132
Singapore,41,SG,AS,1.2805854,103.8502559
Italy,100,IT,EU,41.87194,12.56738
Romania,14,RO,EU,-11.1158342,-63.62133592790977
Argentina,91,AR,SA,-25.1076701,-64.3494964
Venezuela,4,VE,SA,6.42375,-66.58973
Hong Kong,105,HK,AS,22.3188953,114.1721025
Russia,30,RU,EU,51.454989,-2.6072791
Ireland,830,IE,EU,53.41291,-8.24389
Nepal,2,NP,AS,28.394857,84.124008
New Zealand,33,NZ,OC,44.5326756,7.2605241
Brazil,97,BR,SA,38.691351,-8.945910815821154
Greece,11,GR,EU,47.8770956,16.4496844
Jordan,9,JO,AS,30.585164,36.238414
Colombia,52,CO,SA,35.8655596,52.9834509
Switzerland,19,CH,EU,46.9787347,8.6374022
Israel,30,IL,AS,48.83672,2.2424865
Taiwan,89,TW,AS,34.490973,45.319847
Bulgaria,10,BG,EU,47.8833608,16.5541519
Algeria,3,DZ,AF,14.3497288,43.8920244
Poland,41,PL,EU,50.054200800000004,1.4168346659177702
Saudi Arabia,13,SA,AS,59.6682725,10.7651602
Thailand,70,TH,AS,13.0700391,101.5231763
Indonesia,90,ID,AS,-4.9435712,137.9589576
Egypt,117,EG,AF,-5.1373302,119.5257825
Denmark,48,DK,EU,1.288895,103.8465004
Kuwait,8,KW,AS,3.1572875500000004,101.71617333489209
Netherlands,50,NL,EU,25.66509095,94.07638696239748
Malaysia,26,MY,AS,47.6623535,-56.1559391
Vietnam,7,VN,AS,-16.7501874,-49.1950557
Hungary,11,HU,EU,45.7851311,18.2016554
Sweden,42,SE,EU,49.5789433,6.1099743
Lebanon,31,LB,AS,52.2502471,15.5327306
Syria,3,SY,AS,34.802075,38.996815
Philippines,83,PH,AS,15.2053186,120.7068539
Iceland,11,IS,EU,-27.148133,-109.334378
United Arab Emirates,37,AE,AS,24.48640395,54.609071208669036
Norway,30,NO,EU,52.3168636,9.8206567
Qatar,10,QA,AS,34.3744558,41.202223
Mauritius,2,MU,AF,63.17225005,14.689438642581234
Austria,12,AT,EU,47.854596400000005,16.66868633401266
Cameroon,1,CM,AF,36.7014748,67.22759728839753
Palestine,1,PS,AS,60.450924,22.2945772
Uruguay,14,UY,SA,-32.522779,-55.765835
Kenya,6,KE,AF,-1.21910345,34.51000454719245
Chile,29,CL,SA,42.7689435,-3.8721491
Luxembourg,12,LU,EU,50.8388307,4.374789654946697
Cambodia,6,KH,AS,15.5702477,32.5471977450385
Bangladesh,4,BD,AS,45.1800841,5.6957376
Portugal,6,PT,EU,22.2798064,114.1851976
Cayman Islands,2,KY,NA,19.3133,-81.2546
Senegal,3,SN,AF,-5.1373302,119.5257825
Serbia,7,RS,EU,14.001406,-61.00938444034497
Malta,3,MT,EU,50.0455411,1.4133492
Namibia,2,NA,AF,34.5302341,69.2301795
Angola,1,AO,AF,48.25206,16.42987586087319
Peru,10,PE,SA,41.2958432,-7.7321199
Mozambique,1,MZ,AF,36.5246043,52.6823917
Belarus,1,BY,EU,50.1131776,9.2525042
Zimbabwe,3,ZW,AF,-19.015438,29.154857
Puerto Rico,1,PR,NA,18.220833,-66.590149
Pakistan,24,PK,AS,50.4225306,-4.0930983
Cyprus,1,CY,AS,34.683874849999995,32.605167952003484
Guatemala,2,GT,NA,17.4528558,78.6782985
Iraq,2,IQ,AS,14.180693,44.492039
Malawi,1,MW,AF,-13.254308,34.301525
Paraguay,1,PY,SA,-23.442503,-58.443832
Croatia,4,HR,EU,4.85499875,31.585976756469208
Iran,4,IR,AS,37.9211202,46.6821517
Albania,1,AL,EU,15.6067202,32.5394611
Georgia,2,GE,AS,59.2785071,18.0102496
Russian Federation,3,RU,EU,51.454989,-2.6072791
Morocco,6,MA,AF,36.80396935,-119.85571299314128
Slovakia,1,SK,EU,14.08486985,-87.18649723607129
Ukraine,3,UA,EU,44.874119,33.151245
Bermuda,1,BM,NA,50.6260296,3.052321
Ecuador,1,EC,SA,-1.831239,-78.183406
Armenia,1,AM,AS,40.069099,45.038189
Mongolia,1,MN,AS,29.97691005,30.948409135694483
Bahamas,1,BS,NA,36.763712,-119.67985191396752
Sri Lanka,1,LK,AS,7.873592,80.773137
Latvia,1,LV,EU,56.6055428,24.5226821
Liechtenstein,1,LI,EU,51.454989,-2.6072791
Cuba,1,CU,NA,47.0273122,28.82633975941325
Nicaragua,1,NI,NA,33.151864849999995,-117.18222859480616
Slovenia,3,SI,EU,49.932519,1.5805979308909812
Dominican Republic,1,DO,NA,51.443845800000005,7.263662991567546
Samoa,1,WS,OC,50.77160085,14.19330482223198
Azerbaijan,1,AZ,AS,24.48640395,54.609071208669036
Botswana,1,BW,AF,16.333333,45.116667
Holy See,1,,,41.902916,12.453389
Jamaica,1,JM,NA,17.89639515,-76.90456838002513
Kazakhstan,1,KZ,AS,50.279165,57.1938969
Lithuania,1,LT,EU,56.3042261,22.3602737
Afghanistan,1,AF,AS,16.041667,45.775
Somalia,1,SO,AF,9.73583,42.56583
Sudan,1,SD,AF,14.600973,38.8065203
Panama,1,PA,NA,-7.1992237,-37.9270203
Uganda,1,UG,AF,1.373333,32.290275
Montenegro,1,ME,EU,19.4121639,-99.2211439
